-- phpMyAdmin SQL Dump
-- version 5.2.1
-- https://www.phpmyadmin.net/
--
-- Servidor: 127.0.0.1
-- Tiempo de generación: 01-03-2025 a las 17:56:14
-- Versión del servidor: 10.4.32-MariaDB
-- Versión de PHP: 8.2.12

SET SQL_MODE = "NO_AUTO_VALUE_ON_ZERO";
START TRANSACTION;
SET time_zone = "+00:00";


/*!40101 SET @OLD_CHARACTER_SET_CLIENT=@@CHARACTER_SET_CLIENT */;
/*!40101 SET @OLD_CHARACTER_SET_RESULTS=@@CHARACTER_SET_RESULTS */;
/*!40101 SET @OLD_COLLATION_CONNECTION=@@COLLATION_CONNECTION */;
/*!40101 SET NAMES utf8mb4 */;

--
-- Base de datos: `libreria`
--

-- --------------------------------------------------------

--
-- Estructura de tabla para la tabla `autores`
--

CREATE TABLE `autores` (
  `id` int(11) NOT NULL,
  `autor` varchar(255) NOT NULL,
  `fecha_nacimiento` date DEFAULT NULL,
  `nacionalidad` varchar(100) DEFAULT NULL
) ENGINE=InnoDB DEFAULT CHARSET=utf8mb4 COLLATE=utf8mb4_general_ci;

--
-- Volcado de datos para la tabla `autores`
--

INSERT INTO `autores` (`id`, `autor`, `fecha_nacimiento`, `nacionalidad`) VALUES
(1, 'Jane Austen', '1775-12-16', 'Inglesa'),
(2, 'William Shakespeare', '1564-04-26', 'Inglés'),
(3, 'Stephen King', '1947-09-21', 'Estadounidense'),
(4, 'Agatha Christie', '1890-09-15', 'Inglesa'),
(5, 'J.R.R. Tolkien', '1892-01-03', 'Inglés'),
(6, 'Gabriel García Márquez', '1927-03-06', 'Colombiano'),
(7, 'Isabel Allende', '1942-08-02', 'Chilena'),
(8, 'Julio Cortázar', '1914-08-26', 'Argentino'),
(9, 'Mario Vargas Llosa', '1936-03-28', 'Peruano'),
(10, 'Laura Esquivel', '1950-09-30', 'Mexicana'),
(11, 'Ernest Hemingway', '1899-07-21', 'Estadounidense'),
(12, 'Virginia Woolf', '1882-01-25', 'Inglesa'),
(13, 'Franz Kafka', '1883-07-03', 'Checo'),
(14, 'Jorge Luis Borges', '1899-08-24', 'Argentino'),
(15, 'Charles Dickens', '1812-02-07', 'Inglés'),
(16, 'Emily Brontë', '1818-07-30', 'Inglesa'),
(17, 'Herman Melville', '1819-08-01', 'Estadounidense'),
(18, 'Fiódor Dostoyevski', '1821-11-11', 'Ruso'),
(19, 'León Tolstói', '1828-09-09', 'Ruso'),
(20, 'Mark Twain', '1835-11-30', 'Estadounidense'),
(21, 'Oscar Wilde', '1854-10-16', 'Irlandés'),
(22, 'Miguel de Cervantes', '1547-09-29', 'Español'),
(23, 'William Faulkner', '1897-09-25', 'Estadounidense'),
(24, 'Simone de Beauvoir', '1908-01-09', 'Francesa'),
(25, 'Albert Camus', '1913-11-07', 'Francés'),
(26, 'Haruki Murakami', '1949-01-12', 'Japonés'),
(27, 'Chimamanda Ngozi Adichie', '1977-09-15', 'Nigeriana'),
(28, 'Margaret Atwood', '1939-11-18', 'Canadiense'),
(29, 'Salman Rushdie', '1947-06-19', 'Indio');

-- --------------------------------------------------------

--
-- Estructura de tabla para la tabla `facturas`
--

CREATE TABLE `facturas` (
  `id` int(11) NOT NULL,
  `numero_factura` varchar(50) NOT NULL
) ENGINE=InnoDB DEFAULT CHARSET=utf8mb4 COLLATE=utf8mb4_general_ci;

--
-- Volcado de datos para la tabla `facturas`
--

INSERT INTO `facturas` (`id`, `numero_factura`) VALUES
(1, 'FAC-001'),
(2, 'FAC-002'),
(3, 'FAC-003'),
(4, 'FAC-004'),
(5, 'FAC-005'),
(6, 'FAC-006'),
(7, 'FAC-007'),
(8, 'FAC-008'),
(9, 'FAC-009'),
(10, 'FAC-010'),
(11, 'FAC-011'),
(12, 'FAC-012'),
(13, 'FAC-013'),
(14, 'FAC-014'),
(15, 'FAC-015'),
(16, 'FAC-016'),
(17, 'FAC-017'),
(18, 'FAC-018'),
(19, 'FAC-019'),
(20, 'FAC-020'),
(21, 'FAC-021'),
(22, 'FAC-022'),
(23, 'FAC-023'),
(24, 'FAC-024'),
(25, 'FAC-025'),
(26, 'FAC-026'),
(27, 'FAC-027'),
(28, 'FAC-028'),
(29, 'FAC-029'),
(30, 'FAC-030'),
(31, 'FAC-031'),
(32, 'FAC-032'),
(33, 'FAC-033'),
(34, 'FAC-034'),
(35, 'FAC-035'),
(36, 'FAC-036'),
(37, 'FAC-037'),
(38, 'FAC-038'),
(39, 'FAC-039'),
(40, 'FAC-040'),
(41, 'FAC-041'),
(42, 'FAC-042'),
(43, 'FAC-043'),
(44, 'FAC-044'),
(45, 'FAC-045'),
(46, 'FAC-046'),
(47, 'FAC-047'),
(48, 'FAC-048'),
(49, 'FAC-049'),
(50, 'FAC-050'),
(51, 'FAC-051'),
(52, 'FAC-052'),
(53, 'FAC-053'),
(54, 'FAC-054'),
(55, 'FAC-055'),
(56, 'FAC-056'),
(57, 'FAC-057'),
(58, 'FAC-058'),
(59, 'FAC-059'),
(60, 'FAC-060'),
(61, 'FAC-061'),
(62, 'FAC-062'),
(63, 'FAC-063'),
(64, 'FAC-064'),
(65, 'FAC-065'),
(66, 'FAC-066'),
(67, 'FAC-067'),
(68, 'FAC-068'),
(69, 'FAC-069'),
(70, 'FAC-070'),
(71, 'FAC-071'),
(72, 'FAC-072'),
(73, 'FAC-073'),
(74, 'FAC-074'),
(75, 'FAC-075'),
(76, 'FAC-076'),
(77, 'FAC-077'),
(78, 'FAC-078'),
(79, 'FAC-079'),
(80, 'FAC-080'),
(81, 'FAC-081'),
(82, 'FAC-082'),
(83, 'FAC-083'),
(84, 'FAC-084'),
(85, 'FAC-085'),
(86, 'FAC-086'),
(87, 'FAC-087'),
(88, 'FAC-088'),
(89, 'FAC-089'),
(90, 'FAC-090'),
(91, 'FAC-091'),
(92, 'FAC-092'),
(93, 'FAC-093'),
(94, 'FAC-094'),
(95, 'FAC-095'),
(96, 'FAC-096'),
(97, 'FAC-097'),
(98, 'FAC-098'),
(99, 'FAC-099'),
(100, 'FAC-100');

-- --------------------------------------------------------

--
-- Estructura de tabla para la tabla `genero`
--

CREATE TABLE `genero` (
  `id` int(11) NOT NULL,
  `genero` varchar(100) NOT NULL
) ENGINE=InnoDB DEFAULT CHARSET=utf8mb4 COLLATE=utf8mb4_general_ci;

--
-- Volcado de datos para la tabla `genero`
--

INSERT INTO `genero` (`id`, `genero`) VALUES
(1, 'Novela'),
(2, 'Cuento'),
(3, 'Poesía'),
(4, 'Drama'),
(5, 'Ensayo'),
(6, 'Terror'),
(7, 'Misterio'),
(8, 'Fantasía'),
(9, 'Ciencia Ficción'),
(10, 'Ficción Histórica'),
(11, 'Realismo Mágico'),
(12, 'Sátira'),
(13, 'Romance'),
(14, 'Thriller'),
(15, 'Autobiografía');

-- --------------------------------------------------------

--
-- Estructura de tabla para la tabla `libros`
--

CREATE TABLE `libros` (
  `id` int(11) NOT NULL,
  `isbn` varchar(20) NOT NULL,
  `titulo` varchar(255) NOT NULL,
  `idautor` int(11) DEFAULT NULL,
  `fecha_publicacion` date DEFAULT NULL,
  `id_genero` int(11) DEFAULT NULL,
  `precio_unidad` decimal(10,2) NOT NULL,
  `stock` int(11) NOT NULL
) ENGINE=InnoDB DEFAULT CHARSET=utf8mb4 COLLATE=utf8mb4_general_ci;

--
-- Volcado de datos para la tabla `libros`
--

INSERT INTO `libros` (`id`, `isbn`, `titulo`, `idautor`, `fecha_publicacion`, `id_genero`, `precio_unidad`, `stock`) VALUES
(1, '9780141439518', 'Orgullo y prejuicio', 1, '1813-01-28', 13, 12.99, 50),
(2, '9780141439471', 'Sentido y sensibilidad', 1, '1811-01-01', 13, 11.99, 40),
(3, '9780141396270', 'Hamlet', 2, '1603-01-01', 4, 9.99, 60),
(4, '9780141396263', 'Romeo y Julieta', 2, '1597-01-01', 4, 8.99, 70),
(5, '9781501142970', 'It', 3, '1986-09-15', 6, 14.99, 30),
(6, '9781501175466', 'El resplandor', 3, '1977-01-28', 6, 13.99, 25),
(7, '9780062073501', 'Asesinato en el Orient Express', 4, '1934-01-01', 7, 10.99, 35),
(8, '9780062073495', 'Diez negritos', 4, '1939-11-06', 7, 11.99, 40),
(9, '9780547928227', 'El hobbit', 5, '1937-09-21', 8, 15.99, 50),
(10, '9780547928210', 'El señor de los anillos: La comunidad del anillo', 5, '1954-07-29', 8, 16.99, 45),
(11, '9780307474728', 'Cien años de soledad', 6, '1967-05-30', 11, 19.99, 60),
(12, '9780307474711', 'El amor en los tiempos del cólera', 6, '1985-01-01', 11, 18.99, 55),
(13, '9781501129742', 'La casa de los espíritus', 7, '1982-01-01', 11, 14.99, 40),
(14, '9781501129759', 'Eva Luna', 7, '1987-01-01', 11, 13.99, 35),
(15, '9788437604425', 'Rayuela', 8, '1963-06-28', 1, 12.99, 30),
(16, '9788437604432', 'Bestiario', 8, '1951-01-01', 2, 11.99, 25),
(17, '9788420471839', 'La ciudad y los perros', 9, '1963-01-01', 1, 13.99, 40),
(18, '9788420471846', 'La fiesta del chivo', 9, '2000-01-01', 10, 14.99, 35),
(19, '9780385721233', 'Como agua para chocolate', 10, '1989-01-01', 11, 12.99, 50),
(20, '9780385721240', 'La ley del amor', 10, '1995-01-01', 11, 11.99, 45),
(21, '9780684801469', 'El viejo y el mar', 11, '1952-09-01', 1, 10.99, 60),
(22, '9780684801476', 'Por quién doblan las campanas', 11, '1940-10-21', 1, 11.99, 55),
(23, '9780156030410', 'La señora Dalloway', 12, '1925-05-14', 1, 9.99, 40),
(24, '9780156028066', 'Al faro', 12, '1927-05-05', 1, 10.99, 35),
(25, '9780805210557', 'La metamorfosis', 13, '1915-10-01', 2, 8.99, 50),
(26, '9780805210564', 'El proceso', 13, '1925-01-01', 1, 9.99, 45),
(27, '9788420674286', 'Ficciones', 14, '1944-01-01', 2, 11.99, 40),
(28, '9788420674293', 'El Aleph', 14, '1949-01-01', 2, 12.99, 35),
(29, '9780141439563', 'Grandes esperanzas', 15, '1861-01-01', 1, 10.99, 50),
(30, '9780141439570', 'Oliver Twist', 15, '1838-01-01', 1, 9.99, 45),
(31, '9780141439556', 'Cumbres borrascosas', 16, '1847-12-01', 13, 11.99, 40),
(32, '9780141439587', 'Poemas', 16, '1846-01-01', 3, 8.99, 30),
(33, '9780142437247', 'Moby Dick', 17, '1851-10-18', 1, 12.99, 50),
(34, '9780142437254', 'Bartleby, el escribiente', 17, '1853-01-01', 2, 9.99, 35),
(35, '9780140449242', 'Crimen y castigo', 18, '1866-01-01', 1, 13.99, 60),
(36, '9780140449235', 'Los hermanos Karamázov', 18, '1880-01-01', 1, 14.99, 55),
(37, '9780140449243', 'Guerra y paz', 19, '1869-01-01', 10, 15.99, 50),
(38, '9780140449236', 'Anna Karénina', 19, '1877-01-01', 1, 14.99, 45),
(39, '9780143039563', 'Las aventuras de Huckleberry Finn', 20, '1884-12-10', 1, 10.99, 40),
(40, '9780143039570', 'Las aventuras de Tom Sawyer', 20, '1876-01-01', 1, 9.99, 35),
(41, '9780140433921', 'El retrato de Dorian Gray', 21, '1890-07-01', 1, 11.99, 50),
(42, '9780140433938', 'La importancia de llamarse Ernesto', 21, '1895-02-14', 4, 10.99, 45),
(43, '9788420412146', 'Don Quijote de la Mancha', 22, '1605-01-01', 1, 12.99, 60),
(44, '9788420412153', 'Novelas ejemplares', 22, '1613-01-01', 2, 11.99, 55),
(45, '9780679732242', 'El sonido y la furia', 23, '1929-10-07', 1, 13.99, 40),
(46, '9780679732259', 'Mientras agonizo', 23, '1930-01-01', 1, 12.99, 35),
(47, '9780307277787', 'El segundo sexo', 24, '1949-01-01', 5, 14.99, 30),
(48, '9780307277794', 'Los mandarines', 24, '1954-01-01', 1, 13.99, 25),
(49, '9780679720218', 'El extranjero', 25, '1942-01-01', 1, 10.99, 50),
(50, '9780679720225', 'La peste', 25, '1947-01-01', 1, 11.99, 45),
(51, '9780307476463', 'Tokio blues', 26, '1987-01-01', 1, 12.99, 40),
(52, '9780307476470', 'Kafka en la orilla', 26, '2002-01-01', 1, 13.99, 35),
(53, '9780307277718', 'Americanah', 27, '2013-01-01', 1, 14.99, 30),
(54, '9780307277725', 'Medio sol amarillo', 27, '2006-01-01', 10, 13.99, 25),
(55, '9780385543781', 'El cuento de la criada', 28, '1985-01-01', 9, 15.99, 40),
(56, '9780385543798', 'Alias Grace', 28, '1996-01-01', 7, 14.99, 35),
(57, '9780099582076', 'Los versos satánicos', 29, '1988-01-01', 12, 16.99, 30),
(58, '9780099582083', 'Hijos de la medianoche', 29, '1981-01-01', 10, 15.99, 25),
(59, '9780141187761', '1984', 28, '1949-06-08', 9, 15.99, 40),
(60, '9780141182803', 'Rebelión en la granja', 28, '1945-08-17', 12, 12.99, 35),
(61, '9788497593798', 'El nombre del viento', 5, '2007-03-27', 8, 18.99, 50),
(62, '9788497593804', 'El temor de un hombre sabio', 5, '2011-03-01', 8, 19.99, 45),
(63, '9788408162977', 'El código Da Vinci', 3, '2003-03-18', 7, 14.99, 60),
(64, '9788408162984', 'Ángeles y demonios', 3, '2000-05-01', 7, 13.99, 55),
(65, '9788408162991', 'Inferno', 3, '2013-05-14', 7, 16.99, 40),
(66, '9788408163004', 'Origen', 3, '2017-10-03', 7, 17.99, 35),
(67, '9788490628729', 'El psicoanalista', 4, '2002-01-01', 14, 12.99, 50),
(68, '9788490628736', 'La terapia', 4, '2004-01-01', 14, 13.99, 45),
(69, '9788490628743', 'El paciente', 4, '2006-01-01', 14, 14.99, 40),
(70, '9788490628750', 'El símbolo perdido', 4, '2009-01-01', 14, 15.99, 35),
(71, '9788490628767', 'El código del alma', 4, '2012-01-01', 14, 16.99, 30),
(72, '9788490628774', 'El juego del alma', 4, '2015-01-01', 14, 17.99, 25),
(73, '9788490628781', 'El último adiós', 4, '2018-01-01', 14, 18.99, 20),
(74, '9788490628798', 'El silencio de los corderos', 4, '1988-01-01', 14, 19.99, 15),
(75, '9788490628804', 'Hannibal', 4, '1999-01-01', 14, 20.99, 10),
(76, '9788490628811', 'Dragón rojo', 4, '1981-01-01', 14, 21.99, 5),
(77, '9788490628828', 'El dragón de hielo', 4, '1980-01-01', 14, 22.99, 2),
(78, '9788490628835', 'El dragón de fuego', 4, '1982-01-01', 14, 23.99, 1),
(79, '9788490628842', 'El dragón de agua', 4, '1983-01-01', 14, 24.99, 0),
(80, '9788490628859', 'El dragón de tierra', 4, '1984-01-01', 14, 25.99, 0),
(81, '9788490628866', 'El dragón de aire', 4, '1985-01-01', 14, 26.99, 0),
(82, '9788490628873', 'El dragón de éter', 4, '1986-01-01', 14, 27.99, 0),
(83, '9788490628880', 'El dragón de sombra', 4, '1987-01-01', 14, 28.99, 0),
(84, '9788490628897', 'El dragón de luz', 4, '1988-01-01', 14, 29.99, 0),
(85, '9788490628903', 'El dragón de oscuridad', 4, '1989-01-01', 14, 30.99, 0),
(86, '9788490628910', 'El dragón de tiempo', 4, '1990-01-01', 14, 31.99, 0),
(87, '9788490628927', 'El dragón de espacio', 4, '1991-01-01', 14, 32.99, 0),
(88, '9788490628934', 'El dragón de vida', 4, '1992-01-01', 14, 33.99, 0);

-- --------------------------------------------------------

--
-- Estructura de tabla para la tabla `ventas`
--

CREATE TABLE `ventas` (
  `id` int(11) NOT NULL,
  `id_factura` int(11) DEFAULT NULL,
  `id_libro` int(11) DEFAULT NULL,
  `cantidad` int(11) NOT NULL,
  `precio_unidad` decimal(10,2) NOT NULL,
  `precio_venta` decimal(10,2) GENERATED ALWAYS AS (`precio_unidad` * 1.10) STORED,
  `importe_total` decimal(10,2) GENERATED ALWAYS AS (`cantidad` * `precio_venta`) STORED
) ENGINE=InnoDB DEFAULT CHARSET=utf8mb4 COLLATE=utf8mb4_general_ci;

--
-- Volcado de datos para la tabla `ventas`
--

INSERT INTO `ventas` (`id`, `id_factura`, `id_libro`, `cantidad`, `precio_unidad`) VALUES
(60, 1, 1, 2, 12.99),
(61, 1, 3, 1, 9.99),
(62, 1, 5, 3, 14.99),
(63, 2, 2, 1, 11.99),
(64, 2, 4, 2, 10.99),
(65, 2, 6, 1, 13.99),
(66, 3, 7, 2, 10.99),
(67, 3, 8, 1, 11.99),
(68, 3, 9, 3, 15.99),
(69, 4, 10, 1, 12.99),
(70, 4, 11, 2, 19.99),
(71, 4, 12, 1, 18.99),
(72, 5, 13, 3, 14.99),
(73, 5, 14, 1, 13.99),
(74, 5, 15, 2, 12.99),
(75, 6, 16, 1, 11.99),
(76, 6, 17, 2, 10.99),
(77, 6, 18, 1, 13.99),
(78, 7, 19, 2, 14.99),
(79, 7, 20, 1, 15.99),
(80, 7, 21, 3, 11.99),
(81, 8, 22, 1, 12.99),
(82, 8, 23, 2, 13.99),
(83, 8, 24, 1, 14.99),
(84, 9, 25, 3, 10.99),
(85, 9, 26, 1, 11.99),
(86, 9, 27, 2, 12.99),
(87, 10, 28, 1, 14.99),
(88, 10, 29, 2, 15.99),
(89, 10, 30, 1, 16.99),
(90, 11, 31, 2, 9.99),
(91, 11, 32, 1, 10.99),
(92, 11, 33, 3, 11.99),
(93, 12, 34, 1, 12.99),
(94, 12, 35, 2, 13.99),
(95, 12, 36, 1, 14.99),
(96, 13, 37, 3, 15.99),
(97, 13, 38, 1, 16.99),
(98, 13, 39, 2, 17.99),
(99, 14, 40, 1, 18.99),
(100, 14, 41, 2, 19.99),
(101, 14, 42, 1, 20.99),
(102, 15, 43, 2, 12.99),
(103, 15, 44, 1, 13.99),
(104, 15, 45, 3, 14.99),
(105, 16, 46, 1, 15.99),
(106, 16, 47, 2, 16.99),
(107, 16, 48, 1, 17.99),
(108, 17, 49, 3, 18.99),
(109, 17, 50, 1, 19.99),
(110, 17, 51, 2, 20.99),
(111, 18, 52, 1, 12.99),
(112, 18, 53, 2, 13.99),
(113, 18, 54, 1, 14.99),
(114, 19, 55, 2, 15.99),
(115, 19, 56, 1, 16.99),
(116, 19, 57, 3, 17.99),
(117, 20, 58, 1, 18.99),
(118, 20, 59, 2, 19.99),
(119, 20, 60, 1, 20.99),
(120, 21, 61, 2, 12.99),
(121, 21, 62, 1, 13.99),
(122, 21, 63, 3, 14.99),
(123, 22, 64, 1, 15.99),
(124, 22, 65, 2, 16.99),
(125, 22, 66, 1, 17.99),
(126, 23, 67, 3, 18.99),
(127, 23, 68, 1, 19.99),
(128, 23, 69, 2, 20.99),
(129, 24, 70, 1, 12.99),
(130, 24, 71, 2, 13.99),
(131, 24, 72, 1, 14.99),
(132, 25, 73, 2, 15.99),
(133, 25, 74, 1, 16.99),
(134, 25, 75, 3, 17.99),
(135, 26, 76, 1, 18.99),
(136, 26, 77, 2, 19.99),
(137, 26, 78, 1, 20.99),
(138, 27, 79, 2, 12.99),
(139, 27, 80, 1, 13.99),
(140, 27, 81, 3, 14.99),
(141, 28, 82, 1, 15.99),
(142, 28, 83, 2, 16.99),
(143, 28, 84, 1, 17.99),
(144, 29, 85, 2, 18.99),
(145, 29, 86, 1, 19.99),
(146, 29, 87, 3, 20.99),
(147, 30, 88, 1, 12.99),
(148, 30, 1, 2, 12.99),
(149, 30, 2, 1, 11.99),
(150, 31, 3, 3, 9.99),
(151, 31, 4, 1, 10.99),
(152, 31, 5, 2, 14.99),
(153, 32, 6, 1, 13.99),
(154, 32, 7, 2, 10.99),
(155, 32, 8, 1, 11.99),
(156, 33, 9, 2, 15.99),
(157, 33, 10, 1, 12.99),
(158, 33, 11, 3, 19.99),
(159, 34, 12, 1, 18.99),
(160, 34, 13, 2, 14.99),
(161, 34, 14, 1, 13.99),
(162, 35, 15, 2, 12.99),
(163, 35, 16, 1, 11.99),
(164, 35, 17, 3, 10.99),
(165, 36, 18, 1, 13.99),
(166, 36, 19, 2, 14.99),
(167, 36, 20, 1, 15.99),
(168, 37, 21, 2, 11.99),
(169, 37, 22, 1, 12.99),
(170, 37, 23, 3, 13.99),
(171, 38, 24, 1, 14.99),
(172, 38, 25, 2, 10.99),
(173, 38, 26, 1, 11.99),
(174, 39, 27, 2, 12.99),
(175, 39, 28, 1, 14.99),
(176, 39, 29, 3, 15.99),
(177, 40, 30, 1, 16.99),
(178, 40, 31, 2, 9.99),
(179, 40, 32, 1, 10.99),
(180, 41, 33, 2, 11.99),
(181, 41, 34, 1, 12.99),
(182, 41, 35, 3, 13.99),
(183, 42, 36, 1, 14.99),
(184, 42, 37, 2, 15.99),
(185, 42, 38, 1, 16.99),
(186, 43, 39, 2, 17.99),
(187, 43, 40, 1, 18.99),
(188, 43, 41, 3, 19.99),
(189, 44, 42, 1, 20.99),
(190, 44, 43, 2, 12.99),
(191, 44, 44, 1, 13.99),
(192, 45, 45, 2, 14.99),
(193, 45, 46, 1, 15.99),
(194, 45, 47, 3, 16.99),
(195, 46, 48, 1, 17.99),
(196, 46, 49, 2, 18.99),
(197, 46, 50, 1, 19.99),
(198, 47, 51, 2, 20.99),
(199, 47, 52, 1, 12.99),
(200, 47, 53, 3, 13.99),
(201, 48, 54, 1, 14.99),
(202, 48, 55, 2, 15.99),
(203, 48, 56, 1, 16.99),
(204, 49, 57, 2, 17.99),
(205, 49, 58, 1, 18.99),
(206, 49, 59, 3, 19.99),
(207, 50, 60, 1, 20.99),
(208, 50, 61, 2, 12.99),
(209, 50, 62, 1, 13.99),
(210, 51, 1, 2, 12.99),
(211, 51, 3, 1, 9.99),
(212, 51, 5, 3, 14.99),
(213, 52, 2, 1, 11.99),
(214, 52, 4, 2, 10.99),
(215, 52, 6, 1, 13.99),
(216, 53, 7, 2, 10.99),
(217, 53, 8, 1, 11.99),
(218, 53, 9, 3, 15.99),
(219, 54, 10, 1, 12.99),
(220, 54, 11, 2, 19.99),
(221, 54, 12, 1, 18.99),
(222, 55, 13, 3, 14.99),
(223, 55, 14, 1, 13.99),
(224, 55, 15, 2, 12.99),
(225, 56, 16, 1, 11.99),
(226, 56, 17, 2, 10.99),
(227, 56, 18, 1, 13.99),
(228, 57, 19, 2, 14.99),
(229, 57, 20, 1, 15.99),
(230, 57, 21, 3, 11.99),
(231, 58, 22, 1, 12.99),
(232, 58, 23, 2, 13.99),
(233, 58, 24, 1, 14.99),
(234, 59, 25, 3, 10.99),
(235, 59, 26, 1, 11.99),
(236, 59, 27, 2, 12.99),
(237, 60, 28, 1, 14.99),
(238, 60, 29, 2, 15.99),
(239, 60, 30, 1, 16.99),
(240, 61, 31, 2, 9.99),
(241, 61, 32, 1, 10.99),
(242, 61, 33, 3, 11.99),
(243, 62, 34, 1, 12.99),
(244, 62, 35, 2, 13.99),
(245, 62, 36, 1, 14.99),
(246, 63, 37, 3, 15.99),
(247, 63, 38, 1, 16.99),
(248, 63, 39, 2, 17.99),
(249, 64, 40, 1, 18.99),
(250, 64, 41, 2, 19.99),
(251, 64, 42, 1, 20.99),
(252, 65, 43, 2, 12.99),
(253, 65, 44, 1, 13.99),
(254, 65, 45, 3, 14.99),
(255, 66, 46, 1, 15.99),
(256, 66, 47, 2, 16.99),
(257, 66, 48, 1, 17.99),
(258, 67, 49, 3, 18.99),
(259, 67, 50, 1, 19.99),
(260, 67, 51, 2, 20.99),
(261, 68, 52, 1, 12.99),
(262, 68, 53, 2, 13.99),
(263, 68, 54, 1, 14.99),
(264, 69, 55, 2, 15.99),
(265, 69, 56, 1, 16.99),
(266, 69, 57, 3, 17.99),
(267, 70, 58, 1, 18.99),
(268, 70, 59, 2, 19.99),
(269, 70, 60, 1, 20.99),
(270, 71, 61, 2, 12.99),
(271, 71, 62, 1, 13.99),
(272, 71, 63, 3, 14.99),
(273, 72, 64, 1, 15.99),
(274, 72, 65, 2, 16.99),
(275, 72, 66, 1, 17.99),
(276, 73, 67, 3, 18.99),
(277, 73, 68, 1, 19.99),
(278, 73, 69, 2, 20.99),
(279, 74, 70, 1, 12.99),
(280, 74, 71, 2, 13.99),
(281, 74, 72, 1, 14.99),
(282, 75, 73, 2, 15.99),
(283, 75, 74, 1, 16.99),
(284, 75, 75, 3, 17.99),
(285, 76, 76, 1, 18.99),
(286, 76, 77, 2, 19.99),
(287, 76, 78, 1, 20.99),
(288, 77, 79, 2, 12.99),
(289, 77, 80, 1, 13.99),
(290, 77, 81, 3, 14.99),
(291, 78, 82, 1, 15.99),
(292, 78, 83, 2, 16.99),
(293, 78, 84, 1, 17.99),
(294, 79, 85, 2, 18.99),
(295, 79, 86, 1, 19.99),
(296, 79, 87, 3, 20.99),
(297, 80, 88, 1, 12.99),
(298, 80, 1, 2, 12.99),
(299, 80, 2, 1, 11.99),
(300, 81, 3, 3, 9.99),
(301, 81, 4, 1, 10.99),
(302, 81, 5, 2, 14.99),
(303, 82, 6, 1, 13.99),
(304, 82, 7, 2, 10.99),
(305, 82, 8, 1, 11.99),
(306, 83, 9, 2, 15.99),
(307, 83, 10, 1, 12.99),
(308, 83, 11, 3, 19.99),
(309, 84, 12, 1, 18.99),
(310, 84, 13, 2, 14.99),
(311, 84, 14, 1, 13.99),
(312, 85, 15, 2, 12.99),
(313, 85, 16, 1, 11.99),
(314, 85, 17, 3, 10.99),
(315, 86, 18, 1, 13.99),
(316, 86, 19, 2, 14.99),
(317, 86, 20, 1, 15.99),
(318, 87, 21, 2, 11.99),
(319, 87, 22, 1, 12.99),
(320, 87, 23, 3, 13.99),
(321, 88, 24, 1, 14.99),
(322, 88, 25, 2, 10.99),
(323, 88, 26, 1, 11.99),
(324, 89, 27, 2, 12.99),
(325, 89, 28, 1, 14.99),
(326, 89, 29, 3, 15.99),
(327, 90, 30, 1, 16.99),
(328, 90, 31, 2, 9.99),
(329, 90, 32, 1, 10.99),
(330, 91, 33, 2, 11.99),
(331, 91, 34, 1, 12.99),
(332, 91, 35, 3, 13.99),
(333, 92, 36, 1, 14.99),
(334, 92, 37, 2, 15.99),
(335, 92, 38, 1, 16.99),
(336, 93, 39, 2, 17.99),
(337, 93, 40, 1, 18.99),
(338, 93, 41, 3, 19.99),
(339, 94, 42, 1, 20.99),
(340, 94, 43, 2, 12.99),
(341, 94, 44, 1, 13.99),
(342, 95, 45, 2, 14.99),
(343, 95, 46, 1, 15.99),
(344, 95, 47, 3, 16.99),
(345, 96, 48, 1, 17.99),
(346, 96, 49, 2, 18.99),
(347, 96, 50, 1, 19.99),
(348, 97, 51, 2, 20.99),
(349, 97, 52, 1, 12.99),
(350, 97, 53, 3, 13.99),
(351, 98, 54, 1, 14.99),
(352, 98, 55, 2, 15.99),
(353, 98, 56, 1, 16.99),
(354, 99, 57, 2, 17.99),
(355, 99, 58, 1, 18.99),
(356, 99, 59, 3, 19.99),
(357, 100, 60, 1, 20.99),
(358, 100, 61, 2, 12.99),
(359, 100, 62, 1, 13.99);

--
-- Índices para tablas volcadas
--

--
-- Indices de la tabla `autores`
--
ALTER TABLE `autores`
  ADD PRIMARY KEY (`id`);

--
-- Indices de la tabla `facturas`
--
ALTER TABLE `facturas`
  ADD PRIMARY KEY (`id`),
  ADD UNIQUE KEY `numero_factura` (`numero_factura`);

--
-- Indices de la tabla `genero`
--
ALTER TABLE `genero`
  ADD PRIMARY KEY (`id`);

--
-- Indices de la tabla `libros`
--
ALTER TABLE `libros`
  ADD PRIMARY KEY (`id`),
  ADD UNIQUE KEY `isbn` (`isbn`),
  ADD KEY `idautor` (`idautor`),
  ADD KEY `id_genero` (`id_genero`);

--
-- Indices de la tabla `ventas`
--
ALTER TABLE `ventas`
  ADD PRIMARY KEY (`id`),
  ADD KEY `id_factura` (`id_factura`),
  ADD KEY `id_libro` (`id_libro`);

--
-- AUTO_INCREMENT de las tablas volcadas
--

--
-- AUTO_INCREMENT de la tabla `autores`
--
ALTER TABLE `autores`
  MODIFY `id` int(11) NOT NULL AUTO_INCREMENT, AUTO_INCREMENT=30;

--
-- AUTO_INCREMENT de la tabla `facturas`
--
ALTER TABLE `facturas`
  MODIFY `id` int(11) NOT NULL AUTO_INCREMENT, AUTO_INCREMENT=101;

--
-- AUTO_INCREMENT de la tabla `genero`
--
ALTER TABLE `genero`
  MODIFY `id` int(11) NOT NULL AUTO_INCREMENT, AUTO_INCREMENT=16;

--
-- AUTO_INCREMENT de la tabla `libros`
--
ALTER TABLE `libros`
  MODIFY `id` int(11) NOT NULL AUTO_INCREMENT, AUTO_INCREMENT=89;

--
-- AUTO_INCREMENT de la tabla `ventas`
--
ALTER TABLE `ventas`
  MODIFY `id` int(11) NOT NULL AUTO_INCREMENT, AUTO_INCREMENT=360;

--
-- Restricciones para tablas volcadas
--

--
-- Filtros para la tabla `libros`
--
ALTER TABLE `libros`
  ADD CONSTRAINT `libros_ibfk_1` FOREIGN KEY (`idautor`) REFERENCES `autores` (`id`) ON DELETE SET NULL,
  ADD CONSTRAINT `libros_ibfk_2` FOREIGN KEY (`id_genero`) REFERENCES `genero` (`id`) ON DELETE SET NULL;

--
-- Filtros para la tabla `ventas`
--
ALTER TABLE `ventas`
  ADD CONSTRAINT `ventas_ibfk_1` FOREIGN KEY (`id_factura`) REFERENCES `facturas` (`id`) ON DELETE CASCADE,
  ADD CONSTRAINT `ventas_ibfk_2` FOREIGN KEY (`id_libro`) REFERENCES `libros` (`id`) ON DELETE CASCADE;
COMMIT;

/*!40101 SET CHARACTER_SET_CLIENT=@OLD_CHARACTER_SET_CLIENT */;
/*!40101 SET CHARACTER_SET_RESULTS=@OLD_CHARACTER_SET_RESULTS */;
/*!40101 SET COLLATION_CONNECTION=@OLD_COLLATION_CONNECTION */;
